ticker,company_name,sector,exchange,trade_date,open_price,high_price,low_price,close_price,volume
FPT,FPT Corporation,Technology,HOSE,2026-01-25,98500.0,98500.0,98500.0,98500.0,11183100
FPT,FPT Corporation,Technology,HOSE,2026-01-26,102100.0,102100.0,102100.0,102100.0,10585500
FPT,FPT Corporation,Technology,HOSE,2026-01-27,104500.0,104500.0,104500.0,104500.0,11949800
FPT,FPT Corporation,Technology,HOSE,2026-01-28,106100.0,106100.0,106100.0,106100.0,14247700
FPT,FPT Corporation,Technology,HOSE,2026-01-29,104500.0,104500.0,104500.0,104500.0,10833200
FPT,FPT Corporation,Technology,HOSE,2026-02-01,104300.0,104300.0,104300.0,104300.0,9331400
FPT,FPT Corporation,Technology,HOSE,2026-02-02,103900.0,103900.0,103900.0,103900.0,9097000
FPT,FPT Corporation,Technology,HOSE,2026-02-03,101900.0,101900.0,101900.0,101900.0,11639700
FPT,FPT Corporation,Technology,HOSE,2026-02-04,99000.0,99000.0,99000.0,99000.0,18088600
FPT,FPT Corporation,Technology,HOSE,2026-02-05,97600.0,97600.0,97600.0,97600.0,9766800
FPT,FPT Corporation,Technology,HOSE,2026-02-08,99000.0,99000.0,99000.0,99000.0,5108600
FPT,FPT Corporation,Technology,HOSE,2026-02-09,97800.0,97800.0,97800.0,97800.0,6113500
FPT,FPT Corporation,Technology,HOSE,2026-02-10,98600.0,98600.0,98600.0,98600.0,5507500
FPT,FPT Corporation,Technology,HOSE,2026-02-11,98800.0,98800.0,98800.0,98800.0,4125200
FPT,FPT Corporation,Technology,HOSE,2026-02-12,96300.0,96300.0,96300.0,96300.0,18508400
FPT,FPT Corporation,Technology,HOSE,2026-02-22,94500.0,94500.0,94500.0,94500.0,22660400
FPT,FPT Corporation,Technology,HOSE,2026-02-23,92500.0,92500.0,92500.0,92500.0,28539000
FPT,FPT Corporation,Technology,HOSE,2026-02-24,89100.0,89100.0,89100.0,89100.0,47733100
FPT,FPT Corporation,Technology,HOSE,2026-02-25,90500.0,90500.0,90500.0,90500.0,17525500
FPT,FPT Corporation,Technology,HOSE,2026-02-26,92900.0,92900.0,92900.0,92900.0,18705600
FPT,FPT Corporation,Technology,HOSE,2026-03-01,89600.0,89600.0,89600.0,89600.0,17245400
FPT,FPT Corporation,Technology,HOSE,2026-03-02,87000.0,87000.0,87000.0,87000.0,16504400
FPT,FPT Corporation,Technology,HOSE,2026-03-03,85100.0,85100.0,85100.0,85100.0,23755700
FPT,FPT Corporation,Technology,HOSE,2026-03-04,84400.0,84400.0,84400.0,84400.0,15906800
FPT,FPT Corporation,Technology,HOSE,2026-03-05,81600.0,81600.0,81600.0,81600.0,23713900
FPT,FPT Corporation,Technology,HOSE,2026-03-08,75900.0,75900.0,75900.0,75900.0,17633000
FPT,FPT Corporation,Technology,HOSE,2026-03-09,79500.0,79500.0,79500.0,79500.0,21099200
FPT,FPT Corporation,Technology,HOSE,2026-03-10,80200.0,80200.0,80200.0,80200.0,10652800
FPT,FPT Corporation,Technology,HOSE,2026-03-11,77700.0,77700.0,77700.0,77700.0,12722400
FPT,FPT Corporation,Technology,HOSE,2026-03-12,77000.0,77000.0,77000.0,77000.0,9026000
FPT,FPT Corporation,Technology,HOSE,2026-03-15,78200.0,78200.0,78200.0,78200.0,8662000
FPT,FPT Corporation,Technology,HOSE,2026-03-16,79400.0,79400.0,79400.0,79400.0,9218800
FPT,FPT Corporation,Technology,HOSE,2026-03-17,78600.0,78600.0,78600.0,78600.0,6352700
FPT,FPT Corporation,Technology,HOSE,2026-03-18,76800.0,76800.0,76800.0,76800.0,11602900
FPT,FPT Corporation,Technology,HOSE,2026-03-19,74600.0,74600.0,74600.0,74600.0,21423700
FPT,FPT Corporation,Technology,HOSE,2026-03-22,73100.0,73100.0,73100.0,73100.0,13156200
FPT,FPT Corporation,Technology,HOSE,2026-03-23,75400.0,75400.0,75400.0,75400.0,5189700
FPT,FPT Corporation,Technology,HOSE,2026-03-24,77000.0,77000.0,77000.0,77000.0,7429300
FPT,FPT Corporation,Technology,HOSE,2026-03-25,74200.0,74200.0,74200.0,74200.0,9743400
FPT,FPT Corporation,Technology,HOSE,2026-03-26,76100.0,76100.0,76100.0,76100.0,9080300
FPT,FPT Corporation,Technology,HOSE,2026-03-29,74000.0,74000.0,74000.0,74000.0,7814800
FPT,FPT Corporation,Technology,HOSE,2026-03-30,74700.0,74700.0,74700.0,74700.0,5639200
FPT,FPT Corporation,Technology,HOSE,2026-03-31,75300.0,75300.0,75300.0,75300.0,8534000
FPT,FPT Corporation,Technology,HOSE,2026-04-01,74700.0,74700.0,74700.0,74700.0,5224400
FPT,FPT Corporation,Technology,HOSE,2026-04-02,74000.0,74000.0,74000.0,74000.0,6333100
FPT,FPT Corporation,Technology,HOSE,2026-04-05,73900.0,73900.0,73900.0,73900.0,4593000
FPT,FPT Corporation,Technology,HOSE,2026-04-06,74000.0,74000.0,74000.0,74000.0,4713000
FPT,FPT Corporation,Technology,HOSE,2026-04-07,79100.0,79100.0,79100.0,79100.0,14610000
FPT,FPT Corporation,Technology,HOSE,2026-04-08,78300.0,78300.0,78300.0,78300.0,6272100
FPT,FPT Corporation,Technology,HOSE,2026-04-09,77700.0,77700.0,77700.0,77700.0,6099800
FPT,FPT Corporation,Technology,HOSE,2026-04-12,76000.0,76000.0,76000.0,76000.0,9559100
FPT,FPT Corporation,Technology,HOSE,2026-04-13,76200.0,76200.0,76200.0,76200.0,7092500
FPT,FPT Corporation,Technology,HOSE,2026-04-14,75100.0,75100.0,75100.0,75100.0,10047800
FPT,FPT Corporation,Technology,HOSE,2026-04-15,74100.0,74100.0,74100.0,74100.0,11316400
FPT,FPT Corporation,Technology,HOSE,2026-04-16,76000.0,76000.0,76000.0,76000.0,12349600
FPT,FPT Corporation,Technology,HOSE,2026-04-19,76900.0,76900.0,76900.0,76900.0,6876800
FPT,FPT Corporation,Technology,HOSE,2026-04-20,75100.0,75100.0,75100.0,75100.0,7119000
FPT,FPT Corporation,Technology,HOSE,2026-04-21,74600.0,74600.0,74600.0,74600.0,8145000
FPT,FPT Corporation,Technology,HOSE,2026-04-22,74700.0,74700.0,74700.0,74700.0,1924100
HPG,Hoa Phat Group,Materials,HOSE,2026-01-25,26300.0,26300.0,26300.0,26300.0,33759300
HPG,Hoa Phat Group,Materials,HOSE,2026-01-26,26450.0,26450.0,26450.0,26450.0,21014200
HPG,Hoa Phat Group,Materials,HOSE,2026-01-27,26700.0,26700.0,26700.0,26700.0,29982700
HPG,Hoa Phat Group,Materials,HOSE,2026-01-28,27100.0,27100.0,27100.0,27100.0,27608700
HPG,Hoa Phat Group,Materials,HOSE,2026-01-29,26800.0,26800.0,26800.0,26800.0,40558400
HPG,Hoa Phat Group,Materials,HOSE,2026-02-01,26550.0,26550.0,26550.0,26550.0,44024300
HPG,Hoa Phat Group,Materials,HOSE,2026-02-02,26750.0,26750.0,26750.0,26750.0,32029900
HPG,Hoa Phat Group,Materials,HOSE,2026-02-03,28300.0,28300.0,28300.0,28300.0,145418100
HPG,Hoa Phat Group,Materials,HOSE,2026-02-04,27550.0,27550.0,27550.0,27550.0,32887100
HPG,Hoa Phat Group,Materials,HOSE,2026-02-05,26800.0,26800.0,26800.0,26800.0,67073000
HPG,Hoa Phat Group,Materials,HOSE,2026-02-08,26750.0,26750.0,26750.0,26750.0,24310400
HPG,Hoa Phat Group,Materials,HOSE,2026-02-09,26550.0,26550.0,26550.0,26550.0,32543400
HPG,Hoa Phat Group,Materials,HOSE,2026-02-10,26850.0,26850.0,26850.0,26850.0,26495200
HPG,Hoa Phat Group,Materials,HOSE,2026-02-11,26900.0,26900.0,26900.0,26900.0,13137000
HPG,Hoa Phat Group,Materials,HOSE,2026-02-12,26850.0,26850.0,26850.0,26850.0,24069800
HPG,Hoa Phat Group,Materials,HOSE,2026-02-22,27500.0,27500.0,27500.0,27500.0,36086500
HPG,Hoa Phat Group,Materials,HOSE,2026-02-23,28300.0,28300.0,28300.0,28300.0,99498300
HPG,Hoa Phat Group,Materials,HOSE,2026-02-24,29300.0,29300.0,29300.0,29300.0,136409200
HPG,Hoa Phat Group,Materials,HOSE,2026-02-25,29400.0,29400.0,29400.0,29400.0,54496800
HPG,Hoa Phat Group,Materials,HOSE,2026-02-26,28800.0,28800.0,28800.0,28800.0,47306500
HPG,Hoa Phat Group,Materials,HOSE,2026-03-01,28500.0,28500.0,28500.0,28500.0,86907000
HPG,Hoa Phat Group,Materials,HOSE,2026-03-02,27700.0,27700.0,27700.0,27700.0,69294100
HPG,Hoa Phat Group,Materials,HOSE,2026-03-03,27700.0,27700.0,27700.0,27700.0,68275500
HPG,Hoa Phat Group,Materials,HOSE,2026-03-04,27250.0,27250.0,27250.0,27250.0,47998900
HPG,Hoa Phat Group,Materials,HOSE,2026-03-05,27250.0,27250.0,27250.0,27250.0,44351700
HPG,Hoa Phat Group,Materials,HOSE,2026-03-08,25350.0,25350.0,25350.0,25350.0,120981900
HPG,Hoa Phat Group,Materials,HOSE,2026-03-09,27100.0,27100.0,27100.0,27100.0,91236600
HPG,Hoa Phat Group,Materials,HOSE,2026-03-10,27400.0,27400.0,27400.0,27400.0,49913200
HPG,Hoa Phat Group,Materials,HOSE,2026-03-11,26800.0,26800.0,26800.0,26800.0,44045900
HPG,Hoa Phat Group,Materials,HOSE,2026-03-12,26650.0,26650.0,26650.0,26650.0,28666500
HPG,Hoa Phat Group,Materials,HOSE,2026-03-15,26750.0,26750.0,26750.0,26750.0,19880400
HPG,Hoa Phat Group,Materials,HOSE,2026-03-16,26900.0,26900.0,26900.0,26900.0,24176300
HPG,Hoa Phat Group,Materials,HOSE,2026-03-17,26800.0,26800.0,26800.0,26800.0,23058500
HPG,Hoa Phat Group,Materials,HOSE,2026-03-18,26700.0,26700.0,26700.0,26700.0,36837300
HPG,Hoa Phat Group,Materials,HOSE,2026-03-19,25900.0,25900.0,25900.0,25900.0,60885800
HPG,Hoa Phat Group,Materials,HOSE,2026-03-22,25500.0,25500.0,25500.0,25500.0,44362900
HPG,Hoa Phat Group,Materials,HOSE,2026-03-23,25950.0,25950.0,25950.0,25950.0,27778800
HPG,Hoa Phat Group,Materials,HOSE,2026-03-24,26350.0,26350.0,26350.0,26350.0,22967100
HPG,Hoa Phat Group,Materials,HOSE,2026-03-25,25900.0,25900.0,25900.0,25900.0,18424200
HPG,Hoa Phat Group,Materials,HOSE,2026-03-26,26500.0,26500.0,26500.0,26500.0,26863700
HPG,Hoa Phat Group,Materials,HOSE,2026-03-29,26900.0,26900.0,26900.0,26900.0,41276100
HPG,Hoa Phat Group,Materials,HOSE,2026-03-30,26900.0,26900.0,26900.0,26900.0,23553000
HPG,Hoa Phat Group,Materials,HOSE,2026-03-31,27150.0,27150.0,27150.0,27150.0,31503700
HPG,Hoa Phat Group,Materials,HOSE,2026-04-01,27350.0,27350.0,27350.0,27350.0,50005700
HPG,Hoa Phat Group,Materials,HOSE,2026-04-02,26650.0,26650.0,26650.0,26650.0,31383300
HPG,Hoa Phat Group,Materials,HOSE,2026-04-05,26850.0,26850.0,26850.0,26850.0,19748100
HPG,Hoa Phat Group,Materials,HOSE,2026-04-06,26800.0,26800.0,26800.0,26800.0,13164600
HPG,Hoa Phat Group,Materials,HOSE,2026-04-07,28000.0,28000.0,28000.0,28000.0,67646600
HPG,Hoa Phat Group,Materials,HOSE,2026-04-08,28250.0,28250.0,28250.0,28250.0,51607600
HPG,Hoa Phat Group,Materials,HOSE,2026-04-09,28000.0,28000.0,28000.0,28000.0,35473400
HPG,Hoa Phat Group,Materials,HOSE,2026-04-12,27800.0,27800.0,27800.0,27800.0,23005200
HPG,Hoa Phat Group,Materials,HOSE,2026-04-13,28550.0,28550.0,28550.0,28550.0,61934200
HPG,Hoa Phat Group,Materials,HOSE,2026-04-14,28050.0,28050.0,28050.0,28050.0,29753200
HPG,Hoa Phat Group,Materials,HOSE,2026-04-15,27950.0,27950.0,27950.0,27950.0,27972100
HPG,Hoa Phat Group,Materials,HOSE,2026-04-16,28000.0,28000.0,28000.0,28000.0,21399500
HPG,Hoa Phat Group,Materials,HOSE,2026-04-19,28450.0,28450.0,28450.0,28450.0,26441700
HPG,Hoa Phat Group,Materials,HOSE,2026-04-20,28550.0,28550.0,28550.0,28550.0,99647300
HPG,Hoa Phat Group,Materials,HOSE,2026-04-21,28200.0,28200.0,28200.0,28200.0,27745600
HPG,Hoa Phat Group,Materials,HOSE,2026-04-22,28200.0,28200.0,28200.0,28200.0,4998900
VIC,Vingroup JSC,Real Estate,HOSE,2026-01-25,159900.0,159900.0,159900.0,159900.0,2315400
VIC,Vingroup JSC,Real Estate,HOSE,2026-01-26,151000.0,151000.0,151000.0,151000.0,6581300
VIC,Vingroup JSC,Real Estate,HOSE,2026-01-27,140500.0,140500.0,140500.0,140500.0,10028300
VIC,Vingroup JSC,Real Estate,HOSE,2026-01-28,140500.0,140500.0,140500.0,140500.0,6992500
VIC,Vingroup JSC,Real Estate,HOSE,2026-01-29,140500.0,140500.0,140500.0,140500.0,6881400
VIC,Vingroup JSC,Real Estate,HOSE,2026-02-01,130700.0,130700.0,130700.0,130700.0,10401600
VIC,Vingroup JSC,Real Estate,HOSE,2026-02-02,130700.0,130700.0,130700.0,130700.0,8884500
VIC,Vingroup JSC,Real Estate,HOSE,2026-02-03,121600.0,121600.0,121600.0,121600.0,11704000
VIC,Vingroup JSC,Real Estate,HOSE,2026-02-04,130100.0,130100.0,130100.0,130100.0,7413900
VIC,Vingroup JSC,Real Estate,HOSE,2026-02-05,131000.0,131000.0,131000.0,131000.0,7311200
VIC,Vingroup JSC,Real Estate,HOSE,2026-02-08,132300.0,132300.0,132300.0,132300.0,2803700
VIC,Vingroup JSC,Real Estate,HOSE,2026-02-09,141500.0,141500.0,141500.0,141500.0,6103600
VIC,Vingroup JSC,Real Estate,HOSE,2026-02-10,150800.0,150800.0,150800.0,150800.0,5289000
VIC,Vingroup JSC,Real Estate,HOSE,2026-02-11,159000.0,159000.0,159000.0,159000.0,4346600
VIC,Vingroup JSC,Real Estate,HOSE,2026-02-12,160000.0,160000.0,160000.0,160000.0,5436200
VIC,Vingroup JSC,Real Estate,HOSE,2026-02-22,162300.0,162300.0,162300.0,162300.0,3711300
VIC,Vingroup JSC,Real Estate,HOSE,2026-02-23,162900.0,162900.0,162900.0,162900.0,1947400
VIC,Vingroup JSC,Real Estate,HOSE,2026-02-24,158000.0,158000.0,158000.0,158000.0,5289800
VIC,Vingroup JSC,Real Estate,HOSE,2026-02-25,168900.0,168900.0,168900.0,168900.0,6775200
VIC,Vingroup JSC,Real Estate,HOSE,2026-02-26,172000.0,172000.0,172000.0,172000.0,3624400
VIC,Vingroup JSC,Real Estate,HOSE,2026-03-01,167200.0,167200.0,167200.0,167200.0,4989000
VIC,Vingroup JSC,Real Estate,HOSE,2026-03-02,155500.0,155500.0,155500.0,155500.0,6378300
VIC,Vingroup JSC,Real Estate,HOSE,2026-03-03,155600.0,155600.0,155600.0,155600.0,4387500
VIC,Vingroup JSC,Real Estate,HOSE,2026-03-04,164800.0,164800.0,164800.0,164800.0,5615500
VIC,Vingroup JSC,Real Estate,HOSE,2026-03-05,156500.0,156500.0,156500.0,156500.0,2975400
VIC,Vingroup JSC,Real Estate,HOSE,2026-03-08,145600.0,145600.0,145600.0,145600.0,6353700
VIC,Vingroup JSC,Real Estate,HOSE,2026-03-09,141800.0,141800.0,141800.0,141800.0,4203800
VIC,Vingroup JSC,Real Estate,HOSE,2026-03-10,146000.0,146000.0,146000.0,146000.0,2974500
VIC,Vingroup JSC,Real Estate,HOSE,2026-03-11,145000.0,145000.0,145000.0,145000.0,3036100
VIC,Vingroup JSC,Real Estate,HOSE,2026-03-12,144600.0,144600.0,144600.0,144600.0,2665200
VIC,Vingroup JSC,Real Estate,HOSE,2026-03-15,144700.0,144700.0,144700.0,144700.0,2480300
VIC,Vingroup JSC,Real Estate,HOSE,2026-03-16,146200.0,146200.0,146200.0,146200.0,2810700
VIC,Vingroup JSC,Real Estate,HOSE,2026-03-17,146000.0,146000.0,146000.0,146000.0,4966200
VIC,Vingroup JSC,Real Estate,HOSE,2026-03-18,145000.0,145000.0,145000.0,145000.0,5611400
VIC,Vingroup JSC,Real Estate,HOSE,2026-03-19,135000.0,135000.0,135000.0,135000.0,10346200
VIC,Vingroup JSC,Real Estate,HOSE,2026-03-22,125600.0,125600.0,125600.0,125600.0,4671100
VIC,Vingroup JSC,Real Estate,HOSE,2026-03-23,124000.0,124000.0,124000.0,124000.0,3901200
VIC,Vingroup JSC,Real Estate,HOSE,2026-03-24,128700.0,128700.0,128700.0,128700.0,3013400
VIC,Vingroup JSC,Real Estate,HOSE,2026-03-25,130000.0,130000.0,130000.0,130000.0,2435600
VIC,Vingroup JSC,Real Estate,HOSE,2026-03-26,132600.0,132600.0,132600.0,132600.0,2124700
VIC,Vingroup JSC,Real Estate,HOSE,2026-03-29,129500.0,129500.0,129500.0,129500.0,2042500
VIC,Vingroup JSC,Real Estate,HOSE,2026-03-30,135000.0,135000.0,135000.0,135000.0,3316700
VIC,Vingroup JSC,Real Estate,HOSE,2026-03-31,141000.0,141000.0,141000.0,141000.0,3637400
VIC,Vingroup JSC,Real Estate,HOSE,2026-04-01,139900.0,139900.0,139900.0,139900.0,4153300
VIC,Vingroup JSC,Real Estate,HOSE,2026-04-02,141000.0,141000.0,141000.0,141000.0,2869800
VIC,Vingroup JSC,Real Estate,HOSE,2026-04-05,141600.0,141600.0,141600.0,141600.0,2024600
VIC,Vingroup JSC,Real Estate,HOSE,2026-04-06,143400.0,143400.0,143400.0,143400.0,3077600
VIC,Vingroup JSC,Real Estate,HOSE,2026-04-07,153400.0,153400.0,153400.0,153400.0,4034100
VIC,Vingroup JSC,Real Estate,HOSE,2026-04-08,149200.0,149200.0,149200.0,149200.0,2623100
VIC,Vingroup JSC,Real Estate,HOSE,2026-04-09,151700.0,151700.0,151700.0,151700.0,2195500
VIC,Vingroup JSC,Real Estate,HOSE,2026-04-12,160000.0,160000.0,160000.0,160000.0,4051300
VIC,Vingroup JSC,Real Estate,HOSE,2026-04-13,165500.0,165500.0,165500.0,165500.0,3658000
VIC,Vingroup JSC,Real Estate,HOSE,2026-04-14,177000.0,177000.0,177000.0,177000.0,6640600
VIC,Vingroup JSC,Real Estate,HOSE,2026-04-15,189300.0,189300.0,189300.0,189300.0,7573800
VIC,Vingroup JSC,Real Estate,HOSE,2026-04-16,187900.0,187900.0,187900.0,187900.0,6747900
VIC,Vingroup JSC,Real Estate,HOSE,2026-04-19,191000.0,191000.0,191000.0,191000.0,5425000
VIC,Vingroup JSC,Real Estate,HOSE,2026-04-20,193700.0,193700.0,193700.0,193700.0,3340700
VIC,Vingroup JSC,Real Estate,HOSE,2026-04-21,207200.0,207200.0,207200.0,207200.0,4713700
VIC,Vingroup JSC,Real Estate,HOSE,2026-04-22,211000.0,211000.0,211000.0,211000.0,1634200
VHM,Vinhomes JSC,Real Estate,HOSE,2026-01-25,118900.0,118900.0,118900.0,118900.0,4159000
VHM,Vinhomes JSC,Real Estate,HOSE,2026-01-26,110600.0,110600.0,110600.0,110600.0,10162000
VHM,Vinhomes JSC,Real Estate,HOSE,2026-01-27,104300.0,104300.0,104300.0,104300.0,15508700
VHM,Vinhomes JSC,Real Estate,HOSE,2026-01-28,107000.0,107000.0,107000.0,107000.0,6368800
VHM,Vinhomes JSC,Real Estate,HOSE,2026-01-29,106000.0,106000.0,106000.0,106000.0,4714200
VHM,Vinhomes JSC,Real Estate,HOSE,2026-02-01,98600.0,98600.0,98600.0,98600.0,9144500
VHM,Vinhomes JSC,Real Estate,HOSE,2026-02-02,97300.0,97300.0,97300.0,97300.0,9348800
VHM,Vinhomes JSC,Real Estate,HOSE,2026-02-03,91300.0,91300.0,91300.0,91300.0,13582800
VHM,Vinhomes JSC,Real Estate,HOSE,2026-02-04,97600.0,97600.0,97600.0,97600.0,9429200
VHM,Vinhomes JSC,Real Estate,HOSE,2026-02-05,97500.0,97500.0,97500.0,97500.0,8492200
VHM,Vinhomes JSC,Real Estate,HOSE,2026-02-08,95000.0,95000.0,95000.0,95000.0,4463200
VHM,Vinhomes JSC,Real Estate,HOSE,2026-02-09,101300.0,101300.0,101300.0,101300.0,8656800
VHM,Vinhomes JSC,Real Estate,HOSE,2026-02-10,103000.0,103000.0,103000.0,103000.0,6203200
VHM,Vinhomes JSC,Real Estate,HOSE,2026-02-11,109000.0,109000.0,109000.0,109000.0,6584900
VHM,Vinhomes JSC,Real Estate,HOSE,2026-02-12,109000.0,109000.0,109000.0,109000.0,6244700
VHM,Vinhomes JSC,Real Estate,HOSE,2026-02-22,110700.0,110700.0,110700.0,110700.0,3679400
VHM,Vinhomes JSC,Real Estate,HOSE,2026-02-23,111000.0,111000.0,111000.0,111000.0,4723800
VHM,Vinhomes JSC,Real Estate,HOSE,2026-02-24,107000.0,107000.0,107000.0,107000.0,5547800
VHM,Vinhomes JSC,Real Estate,HOSE,2026-02-25,107600.0,107600.0,107600.0,107600.0,6157600
VHM,Vinhomes JSC,Real Estate,HOSE,2026-02-26,108000.0,108000.0,108000.0,108000.0,4915000
VHM,Vinhomes JSC,Real Estate,HOSE,2026-03-01,100500.0,100500.0,100500.0,100500.0,6578000
VHM,Vinhomes JSC,Real Estate,HOSE,2026-03-02,93500.0,93500.0,93500.0,93500.0,11710100
VHM,Vinhomes JSC,Real Estate,HOSE,2026-03-03,93500.0,93500.0,93500.0,93500.0,12722700
VHM,Vinhomes JSC,Real Estate,HOSE,2026-03-04,95000.0,95000.0,95000.0,95000.0,8978700
VHM,Vinhomes JSC,Real Estate,HOSE,2026-03-05,95000.0,95000.0,95000.0,95000.0,6979200
VHM,Vinhomes JSC,Real Estate,HOSE,2026-03-08,88400.0,88400.0,88400.0,88400.0,17232900
VHM,Vinhomes JSC,Real Estate,HOSE,2026-03-09,89800.0,89800.0,89800.0,89800.0,5665600
VHM,Vinhomes JSC,Real Estate,HOSE,2026-03-10,95900.0,95900.0,95900.0,95900.0,6734300
VHM,Vinhomes JSC,Real Estate,HOSE,2026-03-11,95900.0,95900.0,95900.0,95900.0,4137400
VHM,Vinhomes JSC,Real Estate,HOSE,2026-03-12,98000.0,98000.0,98000.0,98000.0,3989100
VHM,Vinhomes JSC,Real Estate,HOSE,2026-03-15,100000.0,100000.0,100000.0,100000.0,4947300
VHM,Vinhomes JSC,Real Estate,HOSE,2026-03-16,102000.0,102000.0,102000.0,102000.0,4359000
VHM,Vinhomes JSC,Real Estate,HOSE,2026-03-17,102000.0,102000.0,102000.0,102000.0,4511300
VHM,Vinhomes JSC,Real Estate,HOSE,2026-03-18,102300.0,102300.0,102300.0,102300.0,4596600
VHM,Vinhomes JSC,Real Estate,HOSE,2026-03-19,100000.0,100000.0,100000.0,100000.0,6142200
VHM,Vinhomes JSC,Real Estate,HOSE,2026-03-22,98000.0,98000.0,98000.0,98000.0,6595700
VHM,Vinhomes JSC,Real Estate,HOSE,2026-03-23,99000.0,99000.0,99000.0,99000.0,2699500
VHM,Vinhomes JSC,Real Estate,HOSE,2026-03-24,104200.0,104200.0,104200.0,104200.0,4327400
VHM,Vinhomes JSC,Real Estate,HOSE,2026-03-25,101100.0,101100.0,101100.0,101100.0,2742600
VHM,Vinhomes JSC,Real Estate,HOSE,2026-03-26,103000.0,103000.0,103000.0,103000.0,2547500
VHM,Vinhomes JSC,Real Estate,HOSE,2026-03-29,103000.0,103000.0,103000.0,103000.0,2582200
VHM,Vinhomes JSC,Real Estate,HOSE,2026-03-30,103000.0,103000.0,103000.0,103000.0,1487400
VHM,Vinhomes JSC,Real Estate,HOSE,2026-03-31,110200.0,110200.0,110200.0,110200.0,2031500
VHM,Vinhomes JSC,Real Estate,HOSE,2026-04-01,117900.0,117900.0,117900.0,117900.0,16320300
VHM,Vinhomes JSC,Real Estate,HOSE,2026-04-02,119200.0,119200.0,119200.0,119200.0,6023000
VHM,Vinhomes JSC,Real Estate,HOSE,2026-04-05,117000.0,117000.0,117000.0,117000.0,3208900
VHM,Vinhomes JSC,Real Estate,HOSE,2026-04-06,115000.0,115000.0,115000.0,115000.0,3160700
VHM,Vinhomes JSC,Real Estate,HOSE,2026-04-07,123000.0,123000.0,123000.0,123000.0,5534000
VHM,Vinhomes JSC,Real Estate,HOSE,2026-04-08,122000.0,122000.0,122000.0,122000.0,5205200
VHM,Vinhomes JSC,Real Estate,HOSE,2026-04-09,121100.0,121100.0,121100.0,121100.0,2500900
VHM,Vinhomes JSC,Real Estate,HOSE,2026-04-12,122900.0,122900.0,122900.0,122900.0,3679400
VHM,Vinhomes JSC,Real Estate,HOSE,2026-04-13,128900.0,128900.0,128900.0,128900.0,5575500
VHM,Vinhomes JSC,Real Estate,HOSE,2026-04-14,137000.0,137000.0,137000.0,137000.0,6586300
VHM,Vinhomes JSC,Real Estate,HOSE,2026-04-15,143100.0,143100.0,143100.0,143100.0,8240500
VHM,Vinhomes JSC,Real Estate,HOSE,2026-04-16,135700.0,135700.0,135700.0,135700.0,9354800
VHM,Vinhomes JSC,Real Estate,HOSE,2026-04-19,145100.0,145100.0,145100.0,145100.0,6841800
VHM,Vinhomes JSC,Real Estate,HOSE,2026-04-20,145800.0,145800.0,145800.0,145800.0,5254300
VHM,Vinhomes JSC,Real Estate,HOSE,2026-04-21,150300.0,150300.0,150300.0,150300.0,8653100
VHM,Vinhomes JSC,Real Estate,HOSE,2026-04-22,150400.0,150400.0,150400.0,150400.0,1953100
VCB,Vietcombank,Banking,HOSE,2026-01-25,69600.0,69600.0,69600.0,69600.0,10990600
VCB,Vietcombank,Banking,HOSE,2026-01-26,70600.0,70600.0,70600.0,70600.0,9645200
VCB,Vietcombank,Banking,HOSE,2026-01-27,69600.0,69600.0,69600.0,69600.0,12283200
VCB,Vietcombank,Banking,HOSE,2026-01-28,69800.0,69800.0,69800.0,69800.0,7855400
VCB,Vietcombank,Banking,HOSE,2026-01-29,70500.0,70500.0,70500.0,70500.0,11480700
VCB,Vietcombank,Banking,HOSE,2026-02-01,71500.0,71500.0,71500.0,71500.0,10711000
VCB,Vietcombank,Banking,HOSE,2026-02-02,71800.0,71800.0,71800.0,71800.0,15094700
VCB,Vietcombank,Banking,HOSE,2026-02-03,70800.0,70800.0,70800.0,70800.0,8726700
VCB,Vietcombank,Banking,HOSE,2026-02-04,68400.0,68400.0,68400.0,68400.0,11688700
VCB,Vietcombank,Banking,HOSE,2026-02-05,65100.0,65100.0,65100.0,65100.0,24570400
VCB,Vietcombank,Banking,HOSE,2026-02-08,65000.0,65000.0,65000.0,65000.0,7308900
VCB,Vietcombank,Banking,HOSE,2026-02-09,63100.0,63100.0,63100.0,63100.0,15811100
VCB,Vietcombank,Banking,HOSE,2026-02-10,64700.0,64700.0,64700.0,64700.0,11121200
VCB,Vietcombank,Banking,HOSE,2026-02-11,64200.0,64200.0,64200.0,64200.0,7950400
VCB,Vietcombank,Banking,HOSE,2026-02-12,64400.0,64400.0,64400.0,64400.0,4951400
VCB,Vietcombank,Banking,HOSE,2026-02-22,66400.0,66400.0,66400.0,66400.0,10104200
VCB,Vietcombank,Banking,HOSE,2026-02-23,65000.0,65000.0,65000.0,65000.0,10246500
VCB,Vietcombank,Banking,HOSE,2026-02-24,65100.0,65100.0,65100.0,65100.0,9488800
VCB,Vietcombank,Banking,HOSE,2026-02-25,65400.0,65400.0,65400.0,65400.0,7561900
VCB,Vietcombank,Banking,HOSE,2026-02-26,64900.0,64900.0,64900.0,64900.0,8831200
VCB,Vietcombank,Banking,HOSE,2026-03-01,62900.0,62900.0,62900.0,62900.0,17105000
VCB,Vietcombank,Banking,HOSE,2026-03-02,61600.0,61600.0,61600.0,61600.0,12575400
VCB,Vietcombank,Banking,HOSE,2026-03-03,63000.0,63000.0,63000.0,63000.0,10259500
VCB,Vietcombank,Banking,HOSE,2026-03-04,62500.0,62500.0,62500.0,62500.0,6037000
VCB,Vietcombank,Banking,HOSE,2026-03-05,61600.0,61600.0,61600.0,61600.0,8854200
VCB,Vietcombank,Banking,HOSE,2026-03-08,57300.0,57300.0,57300.0,57300.0,29396000
VCB,Vietcombank,Banking,HOSE,2026-03-09,60400.0,60400.0,60400.0,60400.0,11524700
VCB,Vietcombank,Banking,HOSE,2026-03-10,60400.0,60400.0,60400.0,60400.0,8789200
VCB,Vietcombank,Banking,HOSE,2026-03-11,59800.0,59800.0,59800.0,59800.0,6217000
VCB,Vietcombank,Banking,HOSE,2026-03-12,59000.0,59000.0,59000.0,59000.0,5656900
VCB,Vietcombank,Banking,HOSE,2026-03-15,58800.0,58800.0,58800.0,58800.0,3985900
VCB,Vietcombank,Banking,HOSE,2026-03-16,60500.0,60500.0,60500.0,60500.0,7148800
VCB,Vietcombank,Banking,HOSE,2026-03-17,60500.0,60500.0,60500.0,60500.0,8225000
VCB,Vietcombank,Banking,HOSE,2026-03-18,59800.0,59800.0,59800.0,59800.0,6184000
VCB,Vietcombank,Banking,HOSE,2026-03-19,58000.0,58000.0,58000.0,58000.0,8322900
VCB,Vietcombank,Banking,HOSE,2026-03-22,57600.0,57600.0,57600.0,57600.0,9648600
VCB,Vietcombank,Banking,HOSE,2026-03-23,58200.0,58200.0,58200.0,58200.0,4332300
VCB,Vietcombank,Banking,HOSE,2026-03-24,58400.0,58400.0,58400.0,58400.0,8558200
VCB,Vietcombank,Banking,HOSE,2026-03-25,57900.0,57900.0,57900.0,57900.0,6217800
VCB,Vietcombank,Banking,HOSE,2026-03-26,58800.0,58800.0,58800.0,58800.0,6135900
VCB,Vietcombank,Banking,HOSE,2026-03-29,58000.0,58000.0,58000.0,58000.0,5546000
VCB,Vietcombank,Banking,HOSE,2026-03-30,58100.0,58100.0,58100.0,58100.0,5481100
VCB,Vietcombank,Banking,HOSE,2026-03-31,59000.0,59000.0,59000.0,59000.0,8254700
VCB,Vietcombank,Banking,HOSE,2026-04-01,58200.0,58200.0,58200.0,58200.0,5664500
VCB,Vietcombank,Banking,HOSE,2026-04-02,57700.0,57700.0,57700.0,57700.0,5919600
VCB,Vietcombank,Banking,HOSE,2026-04-05,58000.0,58000.0,58000.0,58000.0,4303300
VCB,Vietcombank,Banking,HOSE,2026-04-06,58000.0,58000.0,58000.0,58000.0,3889100
VCB,Vietcombank,Banking,HOSE,2026-04-07,60200.0,60200.0,60200.0,60200.0,13743100
VCB,Vietcombank,Banking,HOSE,2026-04-08,59400.0,59400.0,59400.0,59400.0,6217700
VCB,Vietcombank,Banking,HOSE,2026-04-09,59800.0,59800.0,59800.0,59800.0,7655400
VCB,Vietcombank,Banking,HOSE,2026-04-12,59200.0,59200.0,59200.0,59200.0,5088700
VCB,Vietcombank,Banking,HOSE,2026-04-13,59300.0,59300.0,59300.0,59300.0,5548100
VCB,Vietcombank,Banking,HOSE,2026-04-14,59900.0,59900.0,59900.0,59900.0,8919600
VCB,Vietcombank,Banking,HOSE,2026-04-15,59400.0,59400.0,59400.0,59400.0,4174500
VCB,Vietcombank,Banking,HOSE,2026-04-16,59500.0,59500.0,59500.0,59500.0,4257800
VCB,Vietcombank,Banking,HOSE,2026-04-19,60100.0,60100.0,60100.0,60100.0,6442900
VCB,Vietcombank,Banking,HOSE,2026-04-20,59600.0,59600.0,59600.0,59600.0,6379000
VCB,Vietcombank,Banking,HOSE,2026-04-21,59400.0,59400.0,59400.0,59400.0,3011000
VCB,Vietcombank,Banking,HOSE,2026-04-22,62700.0,62700.0,62700.0,62700.0,21791900
BID,BIDV,Banking,HOSE,2026-01-25,52500.0,52500.0,52500.0,52500.0,11947600
BID,BIDV,Banking,HOSE,2026-01-26,52600.0,52600.0,52600.0,52600.0,12478800
BID,BIDV,Banking,HOSE,2026-01-27,51900.0,51900.0,51900.0,51900.0,17897800
BID,BIDV,Banking,HOSE,2026-01-28,51900.0,51900.0,51900.0,51900.0,7082200
BID,BIDV,Banking,HOSE,2026-01-29,53900.0,53900.0,53900.0,53900.0,13696100
BID,BIDV,Banking,HOSE,2026-02-01,55000.0,55000.0,55000.0,55000.0,11934200
BID,BIDV,Banking,HOSE,2026-02-02,54100.0,54100.0,54100.0,54100.0,11573700
BID,BIDV,Banking,HOSE,2026-02-03,53000.0,53000.0,53000.0,53000.0,9645300
BID,BIDV,Banking,HOSE,2026-02-04,51500.0,51500.0,51500.0,51500.0,9817200
BID,BIDV,Banking,HOSE,2026-02-05,51400.0,51400.0,51400.0,51400.0,9885700
BID,BIDV,Banking,HOSE,2026-02-08,50600.0,50600.0,50600.0,50600.0,3595300
BID,BIDV,Banking,HOSE,2026-02-09,47100.0,47100.0,47100.0,47100.0,22973600
BID,BIDV,Banking,HOSE,2026-02-10,48500.0,48500.0,48500.0,48500.0,8738800
BID,BIDV,Banking,HOSE,2026-02-11,47550.0,47550.0,47550.0,47550.0,4806600
BID,BIDV,Banking,HOSE,2026-02-12,46900.0,46900.0,46900.0,46900.0,6762700
BID,BIDV,Banking,HOSE,2026-02-22,49100.0,49100.0,49100.0,49100.0,7557400
BID,BIDV,Banking,HOSE,2026-02-23,48750.0,48750.0,48750.0,48750.0,5739400
BID,BIDV,Banking,HOSE,2026-02-24,48500.0,48500.0,48500.0,48500.0,8375400
BID,BIDV,Banking,HOSE,2026-02-25,48450.0,48450.0,48450.0,48450.0,4690300
BID,BIDV,Banking,HOSE,2026-02-26,47900.0,47900.0,47900.0,47900.0,6519700
BID,BIDV,Banking,HOSE,2026-03-01,45200.0,45200.0,45200.0,45200.0,11738000
BID,BIDV,Banking,HOSE,2026-03-02,43550.0,43550.0,43550.0,43550.0,15198300
BID,BIDV,Banking,HOSE,2026-03-03,45600.0,45600.0,45600.0,45600.0,10734400
BID,BIDV,Banking,HOSE,2026-03-04,44400.0,44400.0,44400.0,44400.0,6063200
BID,BIDV,Banking,HOSE,2026-03-05,43550.0,43550.0,43550.0,43550.0,5423100
BID,BIDV,Banking,HOSE,2026-03-08,40550.0,40550.0,40550.0,40550.0,6134800
BID,BIDV,Banking,HOSE,2026-03-09,41800.0,41800.0,41800.0,41800.0,14055500
BID,BIDV,Banking,HOSE,2026-03-10,41700.0,41700.0,41700.0,41700.0,6154500
BID,BIDV,Banking,HOSE,2026-03-11,40750.0,40750.0,40750.0,40750.0,6452900
BID,BIDV,Banking,HOSE,2026-03-12,40650.0,40650.0,40650.0,40650.0,7923500
BID,BIDV,Banking,HOSE,2026-03-15,40300.0,40300.0,40300.0,40300.0,5174500
BID,BIDV,Banking,HOSE,2026-03-16,40450.0,40450.0,40450.0,40450.0,6922000
BID,BIDV,Banking,HOSE,2026-03-17,41300.0,41300.0,41300.0,41300.0,14609300
BID,BIDV,Banking,HOSE,2026-03-18,40650.0,40650.0,40650.0,40650.0,6392700
BID,BIDV,Banking,HOSE,2026-03-19,39750.0,39750.0,39750.0,39750.0,10147300
BID,BIDV,Banking,HOSE,2026-03-22,38450.0,38450.0,38450.0,38450.0,10634100
BID,BIDV,Banking,HOSE,2026-03-23,39100.0,39100.0,39100.0,39100.0,6990400
BID,BIDV,Banking,HOSE,2026-03-24,39500.0,39500.0,39500.0,39500.0,8722100
BID,BIDV,Banking,HOSE,2026-03-25,38900.0,38900.0,38900.0,38900.0,6156000
BID,BIDV,Banking,HOSE,2026-03-26,39850.0,39850.0,39850.0,39850.0,8196600
BID,BIDV,Banking,HOSE,2026-03-29,39450.0,39450.0,39450.0,39450.0,6075800
BID,BIDV,Banking,HOSE,2026-03-30,39400.0,39400.0,39400.0,39400.0,7278600
BID,BIDV,Banking,HOSE,2026-03-31,40250.0,40250.0,40250.0,40250.0,10071800
BID,BIDV,Banking,HOSE,2026-04-01,39700.0,39700.0,39700.0,39700.0,7101700
BID,BIDV,Banking,HOSE,2026-04-02,39050.0,39050.0,39050.0,39050.0,7279600
BID,BIDV,Banking,HOSE,2026-04-05,39350.0,39350.0,39350.0,39350.0,5679400
BID,BIDV,Banking,HOSE,2026-04-06,39400.0,39400.0,39400.0,39400.0,4798100
BID,BIDV,Banking,HOSE,2026-04-07,41450.0,41450.0,41450.0,41450.0,15053900
BID,BIDV,Banking,HOSE,2026-04-08,40600.0,40600.0,40600.0,40600.0,8138800
BID,BIDV,Banking,HOSE,2026-04-09,40800.0,40800.0,40800.0,40800.0,8968200
BID,BIDV,Banking,HOSE,2026-04-12,40350.0,40350.0,40350.0,40350.0,5770800
BID,BIDV,Banking,HOSE,2026-04-13,40400.0,40400.0,40400.0,40400.0,5565300
BID,BIDV,Banking,HOSE,2026-04-14,40300.0,40300.0,40300.0,40300.0,6296700
BID,BIDV,Banking,HOSE,2026-04-15,40200.0,40200.0,40200.0,40200.0,4295800
BID,BIDV,Banking,HOSE,2026-04-16,40300.0,40300.0,40300.0,40300.0,5789600
BID,BIDV,Banking,HOSE,2026-04-19,40550.0,40550.0,40550.0,40550.0,5993200
BID,BIDV,Banking,HOSE,2026-04-20,40400.0,40400.0,40400.0,40400.0,7980700
BID,BIDV,Banking,HOSE,2026-04-21,40250.0,40250.0,40250.0,40250.0,3619600
BID,BIDV,Banking,HOSE,2026-04-22,42000.0,42000.0,42000.0,42000.0,13138400
MWG,Mobile World Group,Retail,HOSE,2026-01-25,84100.0,84100.0,84100.0,84100.0,6030600
MWG,Mobile World Group,Retail,HOSE,2026-01-26,85000.0,85000.0,85000.0,85000.0,5418600
MWG,Mobile World Group,Retail,HOSE,2026-01-27,85500.0,85500.0,85500.0,85500.0,6085200
MWG,Mobile World Group,Retail,HOSE,2026-01-28,89500.0,89500.0,89500.0,89500.0,15892000
MWG,Mobile World Group,Retail,HOSE,2026-01-29,92900.0,92900.0,92900.0,92900.0,20845900
MWG,Mobile World Group,Retail,HOSE,2026-02-01,93700.0,93700.0,93700.0,93700.0,13866200
MWG,Mobile World Group,Retail,HOSE,2026-02-02,91500.0,91500.0,91500.0,91500.0,10130300
MWG,Mobile World Group,Retail,HOSE,2026-02-03,91800.0,91800.0,91800.0,91800.0,7656400
MWG,Mobile World Group,Retail,HOSE,2026-02-04,90200.0,90200.0,90200.0,90200.0,5643400
MWG,Mobile World Group,Retail,HOSE,2026-02-05,88400.0,88400.0,88400.0,88400.0,13814700
MWG,Mobile World Group,Retail,HOSE,2026-02-08,89300.0,89300.0,89300.0,89300.0,5452400
MWG,Mobile World Group,Retail,HOSE,2026-02-09,89300.0,89300.0,89300.0,89300.0,5950600
MWG,Mobile World Group,Retail,HOSE,2026-02-10,91900.0,91900.0,91900.0,91900.0,8987000
MWG,Mobile World Group,Retail,HOSE,2026-02-11,92900.0,92900.0,92900.0,92900.0,7890300
MWG,Mobile World Group,Retail,HOSE,2026-02-12,92800.0,92800.0,92800.0,92800.0,5511500
MWG,Mobile World Group,Retail,HOSE,2026-02-22,92000.0,92000.0,92000.0,92000.0,5003100
MWG,Mobile World Group,Retail,HOSE,2026-02-23,92200.0,92200.0,92200.0,92200.0,6601300
MWG,Mobile World Group,Retail,HOSE,2026-02-24,93000.0,93000.0,93000.0,93000.0,8132700
MWG,Mobile World Group,Retail,HOSE,2026-02-25,93600.0,93600.0,93600.0,93600.0,5011100
MWG,Mobile World Group,Retail,HOSE,2026-02-26,93100.0,93100.0,93100.0,93100.0,5224300
MWG,Mobile World Group,Retail,HOSE,2026-03-01,90000.0,90000.0,90000.0,90000.0,10738700
MWG,Mobile World Group,Retail,HOSE,2026-03-02,88200.0,88200.0,88200.0,88200.0,13370000
MWG,Mobile World Group,Retail,HOSE,2026-03-03,88800.0,88800.0,88800.0,88800.0,13414100
MWG,Mobile World Group,Retail,HOSE,2026-03-04,85200.0,85200.0,85200.0,85200.0,11270500
MWG,Mobile World Group,Retail,HOSE,2026-03-05,82700.0,82700.0,82700.0,82700.0,13359400
MWG,Mobile World Group,Retail,HOSE,2026-03-08,77000.0,77000.0,77000.0,77000.0,4983800
MWG,Mobile World Group,Retail,HOSE,2026-03-09,81000.0,81000.0,81000.0,81000.0,21042400
MWG,Mobile World Group,Retail,HOSE,2026-03-10,86500.0,86500.0,86500.0,86500.0,17339300
MWG,Mobile World Group,Retail,HOSE,2026-03-11,84600.0,84600.0,84600.0,84600.0,10104500
MWG,Mobile World Group,Retail,HOSE,2026-03-12,82000.0,82000.0,82000.0,82000.0,6260000
MWG,Mobile World Group,Retail,HOSE,2026-03-15,80600.0,80600.0,80600.0,80600.0,5282300
MWG,Mobile World Group,Retail,HOSE,2026-03-16,82700.0,82700.0,82700.0,82700.0,3811100
MWG,Mobile World Group,Retail,HOSE,2026-03-17,83700.0,83700.0,83700.0,83700.0,4304400
MWG,Mobile World Group,Retail,HOSE,2026-03-18,82400.0,82400.0,82400.0,82400.0,7916000
MWG,Mobile World Group,Retail,HOSE,2026-03-19,79700.0,79700.0,79700.0,79700.0,6488600
MWG,Mobile World Group,Retail,HOSE,2026-03-22,74200.0,74200.0,74200.0,74200.0,17473900
MWG,Mobile World Group,Retail,HOSE,2026-03-23,76000.0,76000.0,76000.0,76000.0,7903300
MWG,Mobile World Group,Retail,HOSE,2026-03-24,79200.0,79200.0,79200.0,79200.0,7550200
MWG,Mobile World Group,Retail,HOSE,2026-03-25,78500.0,78500.0,78500.0,78500.0,7066800
MWG,Mobile World Group,Retail,HOSE,2026-03-26,81000.0,81000.0,81000.0,81000.0,7595000
MWG,Mobile World Group,Retail,HOSE,2026-03-29,80800.0,80800.0,80800.0,80800.0,6027600
MWG,Mobile World Group,Retail,HOSE,2026-03-30,81800.0,81800.0,81800.0,81800.0,6582900
MWG,Mobile World Group,Retail,HOSE,2026-03-31,82400.0,82400.0,82400.0,82400.0,5736600
MWG,Mobile World Group,Retail,HOSE,2026-04-01,81800.0,81800.0,81800.0,81800.0,5675700
MWG,Mobile World Group,Retail,HOSE,2026-04-02,79300.0,79300.0,79300.0,79300.0,6903100
MWG,Mobile World Group,Retail,HOSE,2026-04-05,78300.0,78300.0,78300.0,78300.0,6411000
MWG,Mobile World Group,Retail,HOSE,2026-04-06,78000.0,78000.0,78000.0,78000.0,3806200
MWG,Mobile World Group,Retail,HOSE,2026-04-07,81900.0,81900.0,81900.0,81900.0,10192500
MWG,Mobile World Group,Retail,HOSE,2026-04-08,80700.0,80700.0,80700.0,80700.0,3649300
MWG,Mobile World Group,Retail,HOSE,2026-04-09,81500.0,81500.0,81500.0,81500.0,4667000
MWG,Mobile World Group,Retail,HOSE,2026-04-12,81300.0,81300.0,81300.0,81300.0,4806700
MWG,Mobile World Group,Retail,HOSE,2026-04-13,81600.0,81600.0,81600.0,81600.0,4600700
MWG,Mobile World Group,Retail,HOSE,2026-04-14,80000.0,80000.0,80000.0,80000.0,3798700
MWG,Mobile World Group,Retail,HOSE,2026-04-15,81300.0,81300.0,81300.0,81300.0,5775900
MWG,Mobile World Group,Retail,HOSE,2026-04-16,86900.0,86900.0,86900.0,86900.0,15089000
MWG,Mobile World Group,Retail,HOSE,2026-04-19,87300.0,87300.0,87300.0,87300.0,10168300
MWG,Mobile World Group,Retail,HOSE,2026-04-20,85600.0,85600.0,85600.0,85600.0,7226400
MWG,Mobile World Group,Retail,HOSE,2026-04-21,86400.0,86400.0,86400.0,86400.0,9172200
MWG,Mobile World Group,Retail,HOSE,2026-04-22,86000.0,86000.0,86000.0,86000.0,864900
MSN,Masan Group,Consumer,HOSE,2026-01-25,77300.0,77300.0,77300.0,77300.0,5784500
MSN,Masan Group,Consumer,HOSE,2026-01-26,76700.0,76700.0,76700.0,76700.0,3805800
MSN,Masan Group,Consumer,HOSE,2026-01-27,79500.0,79500.0,79500.0,79500.0,8819900
MSN,Masan Group,Consumer,HOSE,2026-01-28,84100.0,84100.0,84100.0,84100.0,24722400
MSN,Masan Group,Consumer,HOSE,2026-01-29,84000.0,84000.0,84000.0,84000.0,10777800
MSN,Masan Group,Consumer,HOSE,2026-02-01,83800.0,83800.0,83800.0,83800.0,11833900
MSN,Masan Group,Consumer,HOSE,2026-02-02,83800.0,83800.0,83800.0,83800.0,8426800
MSN,Masan Group,Consumer,HOSE,2026-02-03,82700.0,82700.0,82700.0,82700.0,8323300
MSN,Masan Group,Consumer,HOSE,2026-02-04,79400.0,79400.0,79400.0,79400.0,10434400
MSN,Masan Group,Consumer,HOSE,2026-02-05,78200.0,78200.0,78200.0,78200.0,9419400
MSN,Masan Group,Consumer,HOSE,2026-02-08,78200.0,78200.0,78200.0,78200.0,3681100
MSN,Masan Group,Consumer,HOSE,2026-02-09,76800.0,76800.0,76800.0,76800.0,6018600
MSN,Masan Group,Consumer,HOSE,2026-02-10,78000.0,78000.0,78000.0,78000.0,5600000
MSN,Masan Group,Consumer,HOSE,2026-02-11,78000.0,78000.0,78000.0,78000.0,2759900
MSN,Masan Group,Consumer,HOSE,2026-02-12,78000.0,78000.0,78000.0,78000.0,3963900
MSN,Masan Group,Consumer,HOSE,2026-02-22,79200.0,79200.0,79200.0,79200.0,3791500
MSN,Masan Group,Consumer,HOSE,2026-02-23,80900.0,80900.0,80900.0,80900.0,8479700
MSN,Masan Group,Consumer,HOSE,2026-02-24,80300.0,80300.0,80300.0,80300.0,5852200
MSN,Masan Group,Consumer,HOSE,2026-02-25,80400.0,80400.0,80400.0,80400.0,4991400
MSN,Masan Group,Consumer,HOSE,2026-02-26,79000.0,79000.0,79000.0,79000.0,5053900
MSN,Masan Group,Consumer,HOSE,2026-03-01,78400.0,78400.0,78400.0,78400.0,10248500
MSN,Masan Group,Consumer,HOSE,2026-03-02,77000.0,77000.0,77000.0,77000.0,7767900
MSN,Masan Group,Consumer,HOSE,2026-03-03,76000.0,76000.0,76000.0,76000.0,11189700
MSN,Masan Group,Consumer,HOSE,2026-03-04,75300.0,75300.0,75300.0,75300.0,6074200
MSN,Masan Group,Consumer,HOSE,2026-03-05,73300.0,73300.0,73300.0,73300.0,7955900
MSN,Masan Group,Consumer,HOSE,2026-03-08,68200.0,68200.0,68200.0,68200.0,4325700
MSN,Masan Group,Consumer,HOSE,2026-03-09,68300.0,68300.0,68300.0,68300.0,13574400
MSN,Masan Group,Consumer,HOSE,2026-03-10,73000.0,73000.0,73000.0,73000.0,10575800
MSN,Masan Group,Consumer,HOSE,2026-03-11,73100.0,73100.0,73100.0,73100.0,8489100
MSN,Masan Group,Consumer,HOSE,2026-03-12,73900.0,73900.0,73900.0,73900.0,8344100
MSN,Masan Group,Consumer,HOSE,2026-03-15,73500.0,73500.0,73500.0,73500.0,4578400
MSN,Masan Group,Consumer,HOSE,2026-03-16,75400.0,75400.0,75400.0,75400.0,8479300
MSN,Masan Group,Consumer,HOSE,2026-03-17,75300.0,75300.0,75300.0,75300.0,5029900
MSN,Masan Group,Consumer,HOSE,2026-03-18,75400.0,75400.0,75400.0,75400.0,8216000
MSN,Masan Group,Consumer,HOSE,2026-03-19,71300.0,71300.0,71300.0,71300.0,8880900
MSN,Masan Group,Consumer,HOSE,2026-03-22,70800.0,70800.0,70800.0,70800.0,8307600
MSN,Masan Group,Consumer,HOSE,2026-03-23,72100.0,72100.0,72100.0,72100.0,3692600
MSN,Masan Group,Consumer,HOSE,2026-03-24,73200.0,73200.0,73200.0,73200.0,4078200
MSN,Masan Group,Consumer,HOSE,2026-03-25,72100.0,72100.0,72100.0,72100.0,4014500
MSN,Masan Group,Consumer,HOSE,2026-03-26,73300.0,73300.0,73300.0,73300.0,4263900
MSN,Masan Group,Consumer,HOSE,2026-03-29,74800.0,74800.0,74800.0,74800.0,6573900
MSN,Masan Group,Consumer,HOSE,2026-03-30,75500.0,75500.0,75500.0,75500.0,5911100
MSN,Masan Group,Consumer,HOSE,2026-03-31,76900.0,76900.0,76900.0,76900.0,8282500
MSN,Masan Group,Consumer,HOSE,2026-04-01,76100.0,76100.0,76100.0,76100.0,5420300
MSN,Masan Group,Consumer,HOSE,2026-04-02,75300.0,75300.0,75300.0,75300.0,5241600
MSN,Masan Group,Consumer,HOSE,2026-04-05,75300.0,75300.0,75300.0,75300.0,4242400
MSN,Masan Group,Consumer,HOSE,2026-04-06,75100.0,75100.0,75100.0,75100.0,3191700
MSN,Masan Group,Consumer,HOSE,2026-04-07,77700.0,77700.0,77700.0,77700.0,10008300
MSN,Masan Group,Consumer,HOSE,2026-04-08,78000.0,78000.0,78000.0,78000.0,6333100
MSN,Masan Group,Consumer,HOSE,2026-04-09,78000.0,78000.0,78000.0,78000.0,3896000
MSN,Masan Group,Consumer,HOSE,2026-04-12,77000.0,77000.0,77000.0,77000.0,5031600
MSN,Masan Group,Consumer,HOSE,2026-04-13,77600.0,77600.0,77600.0,77600.0,4522400
MSN,Masan Group,Consumer,HOSE,2026-04-14,77200.0,77200.0,77200.0,77200.0,4323100
MSN,Masan Group,Consumer,HOSE,2026-04-15,78000.0,78000.0,78000.0,78000.0,7346700
MSN,Masan Group,Consumer,HOSE,2026-04-16,79500.0,79500.0,79500.0,79500.0,13601600
MSN,Masan Group,Consumer,HOSE,2026-04-19,79800.0,79800.0,79800.0,79800.0,5211800
MSN,Masan Group,Consumer,HOSE,2026-04-20,79000.0,79000.0,79000.0,79000.0,7452100
MSN,Masan Group,Consumer,HOSE,2026-04-21,79000.0,79000.0,79000.0,79000.0,4824100
MSN,Masan Group,Consumer,HOSE,2026-04-22,79100.0,79100.0,79100.0,79100.0,996200
SSI,SSI Securities,Financial Services,HOSE,2026-01-25,31000.0,31000.0,31000.0,31000.0,25986500
SSI,SSI Securities,Financial Services,HOSE,2026-01-26,30850.0,30850.0,30850.0,30850.0,17981400
SSI,SSI Securities,Financial Services,HOSE,2026-01-27,30950.0,30950.0,30950.0,30950.0,24978600
SSI,SSI Securities,Financial Services,HOSE,2026-01-28,31150.0,31150.0,31150.0,31150.0,11080700
SSI,SSI Securities,Financial Services,HOSE,2026-01-29,31150.0,31150.0,31150.0,31150.0,18979800
SSI,SSI Securities,Financial Services,HOSE,2026-02-01,30800.0,30800.0,30800.0,30800.0,20335700
SSI,SSI Securities,Financial Services,HOSE,2026-02-02,30900.0,30900.0,30900.0,30900.0,27630800
SSI,SSI Securities,Financial Services,HOSE,2026-02-03,31550.0,31550.0,31550.0,31550.0,32382800
SSI,SSI Securities,Financial Services,HOSE,2026-02-04,31000.0,31000.0,31000.0,31000.0,15197700
SSI,SSI Securities,Financial Services,HOSE,2026-02-05,29900.0,29900.0,29900.0,29900.0,37356200
SSI,SSI Securities,Financial Services,HOSE,2026-02-08,29600.0,29600.0,29600.0,29600.0,14650200
SSI,SSI Securities,Financial Services,HOSE,2026-02-09,29950.0,29950.0,29950.0,29950.0,19127600
SSI,SSI Securities,Financial Services,HOSE,2026-02-10,31200.0,31200.0,31200.0,31200.0,22738100
SSI,SSI Securities,Financial Services,HOSE,2026-02-11,31250.0,31250.0,31250.0,31250.0,11764300
SSI,SSI Securities,Financial Services,HOSE,2026-02-12,31400.0,31400.0,31400.0,31400.0,19533500
SSI,SSI Securities,Financial Services,HOSE,2026-02-22,31600.0,31600.0,31600.0,31600.0,16669300
SSI,SSI Securities,Financial Services,HOSE,2026-02-23,32100.0,32100.0,32100.0,32100.0,46478100
SSI,SSI Securities,Financial Services,HOSE,2026-02-24,32150.0,32150.0,32150.0,32150.0,42664700
SSI,SSI Securities,Financial Services,HOSE,2026-02-25,32400.0,32400.0,32400.0,32400.0,30429600
SSI,SSI Securities,Financial Services,HOSE,2026-02-26,32400.0,32400.0,32400.0,32400.0,37296900
SSI,SSI Securities,Financial Services,HOSE,2026-03-01,31850.0,31850.0,31850.0,31850.0,72555400
SSI,SSI Securities,Financial Services,HOSE,2026-03-02,32600.0,32600.0,32600.0,32600.0,70785100
SSI,SSI Securities,Financial Services,HOSE,2026-03-03,33700.0,33700.0,33700.0,33700.0,92511300
SSI,SSI Securities,Financial Services,HOSE,2026-03-04,33500.0,33500.0,33500.0,33500.0,83987900
SSI,SSI Securities,Financial Services,HOSE,2026-03-05,31500.0,31500.0,31500.0,31500.0,70603700
SSI,SSI Securities,Financial Services,HOSE,2026-03-08,29300.0,29300.0,29300.0,29300.0,33530000
SSI,SSI Securities,Financial Services,HOSE,2026-03-09,29650.0,29650.0,29650.0,29650.0,81041100
SSI,SSI Securities,Financial Services,HOSE,2026-03-10,30250.0,30250.0,30250.0,30250.0,39065300
SSI,SSI Securities,Financial Services,HOSE,2026-03-11,29150.0,29150.0,29150.0,29150.0,44112200
SSI,SSI Securities,Financial Services,HOSE,2026-03-12,28400.0,28400.0,28400.0,28400.0,54940600
SSI,SSI Securities,Financial Services,HOSE,2026-03-15,28400.0,28400.0,28400.0,28400.0,26040700
SSI,SSI Securities,Financial Services,HOSE,2026-03-16,28650.0,28650.0,28650.0,28650.0,29267400
SSI,SSI Securities,Financial Services,HOSE,2026-03-17,28000.0,28000.0,28000.0,28000.0,42490600
SSI,SSI Securities,Financial Services,HOSE,2026-03-18,27000.0,27000.0,27000.0,27000.0,60356700
SSI,SSI Securities,Financial Services,HOSE,2026-03-19,26950.0,26950.0,26950.0,26950.0,34786500
SSI,SSI Securities,Financial Services,HOSE,2026-03-22,25400.0,25400.0,25400.0,25400.0,50940700
SSI,SSI Securities,Financial Services,HOSE,2026-03-23,25900.0,25900.0,25900.0,25900.0,28152600
SSI,SSI Securities,Financial Services,HOSE,2026-03-24,26850.0,26850.0,26850.0,26850.0,30401000
SSI,SSI Securities,Financial Services,HOSE,2026-03-25,26350.0,26350.0,26350.0,26350.0,23402600
SSI,SSI Securities,Financial Services,HOSE,2026-03-26,27050.0,27050.0,27050.0,27050.0,23305300
SSI,SSI Securities,Financial Services,HOSE,2026-03-29,26550.0,26550.0,26550.0,26550.0,25942100
SSI,SSI Securities,Financial Services,HOSE,2026-03-30,26950.0,26950.0,26950.0,26950.0,34450800
SSI,SSI Securities,Financial Services,HOSE,2026-03-31,27900.0,27900.0,27900.0,27900.0,40298800
SSI,SSI Securities,Financial Services,HOSE,2026-04-01,27550.0,27550.0,27550.0,27550.0,25165800
SSI,SSI Securities,Financial Services,HOSE,2026-04-02,27000.0,27000.0,27000.0,27000.0,27134200
SSI,SSI Securities,Financial Services,HOSE,2026-04-05,26950.0,26950.0,26950.0,26950.0,17570600
SSI,SSI Securities,Financial Services,HOSE,2026-04-06,27500.0,27500.0,27500.0,27500.0,18136200
SSI,SSI Securities,Financial Services,HOSE,2026-04-07,29400.0,29400.0,29400.0,29400.0,65778300
SSI,SSI Securities,Financial Services,HOSE,2026-04-08,28750.0,28750.0,28750.0,28750.0,28819900
SSI,SSI Securities,Financial Services,HOSE,2026-04-09,28600.0,28600.0,28600.0,28600.0,23553100
SSI,SSI Securities,Financial Services,HOSE,2026-04-12,28400.0,28400.0,28400.0,28400.0,21821900
SSI,SSI Securities,Financial Services,HOSE,2026-04-13,28700.0,28700.0,28700.0,28700.0,19862500
SSI,SSI Securities,Financial Services,HOSE,2026-04-14,28700.0,28700.0,28700.0,28700.0,24445200
SSI,SSI Securities,Financial Services,HOSE,2026-04-15,28850.0,28850.0,28850.0,28850.0,26290000
SSI,SSI Securities,Financial Services,HOSE,2026-04-16,28550.0,28550.0,28550.0,28550.0,18591300
SSI,SSI Securities,Financial Services,HOSE,2026-04-19,28950.0,28950.0,28950.0,28950.0,23633700
SSI,SSI Securities,Financial Services,HOSE,2026-04-20,28300.0,28300.0,28300.0,28300.0,21645600
SSI,SSI Securities,Financial Services,HOSE,2026-04-21,28150.0,28150.0,28150.0,28150.0,14751100
SSI,SSI Securities,Financial Services,HOSE,2026-04-22,28400.0,28400.0,28400.0,28400.0,6053600
VNM,Vinamilk,Consumer,HOSE,2026-01-25,68900.0,68900.0,68900.0,68900.0,8864800
VNM,Vinamilk,Consumer,HOSE,2026-01-26,67700.0,67700.0,67700.0,67700.0,8357800
VNM,Vinamilk,Consumer,HOSE,2026-01-27,67700.0,67700.0,67700.0,67700.0,9816800
VNM,Vinamilk,Consumer,HOSE,2026-01-28,71100.0,71100.0,71100.0,71100.0,10036800
VNM,Vinamilk,Consumer,HOSE,2026-01-29,70600.0,70600.0,70600.0,70600.0,7844800
VNM,Vinamilk,Consumer,HOSE,2026-02-01,72600.0,72600.0,72600.0,72600.0,10777700
VNM,Vinamilk,Consumer,HOSE,2026-02-02,71600.0,71600.0,71600.0,71600.0,7261000
VNM,Vinamilk,Consumer,HOSE,2026-02-03,72000.0,72000.0,72000.0,72000.0,7672500
VNM,Vinamilk,Consumer,HOSE,2026-02-04,69100.0,69100.0,69100.0,69100.0,8057000
VNM,Vinamilk,Consumer,HOSE,2026-02-05,69100.0,69100.0,69100.0,69100.0,6695900
VNM,Vinamilk,Consumer,HOSE,2026-02-08,69600.0,69600.0,69600.0,69600.0,2573300
VNM,Vinamilk,Consumer,HOSE,2026-02-09,68400.0,68400.0,68400.0,68400.0,5090400
VNM,Vinamilk,Consumer,HOSE,2026-02-10,69100.0,69100.0,69100.0,69100.0,2672900
VNM,Vinamilk,Consumer,HOSE,2026-02-11,69000.0,69000.0,69000.0,69000.0,1951100
VNM,Vinamilk,Consumer,HOSE,2026-02-12,69500.0,69500.0,69500.0,69500.0,3341400
VNM,Vinamilk,Consumer,HOSE,2026-02-22,70600.0,70600.0,70600.0,70600.0,4211800
VNM,Vinamilk,Consumer,HOSE,2026-02-23,70200.0,70200.0,70200.0,70200.0,3552500
VNM,Vinamilk,Consumer,HOSE,2026-02-24,72300.0,72300.0,72300.0,72300.0,9804200
VNM,Vinamilk,Consumer,HOSE,2026-02-25,70600.0,70600.0,70600.0,70600.0,14298200
VNM,Vinamilk,Consumer,HOSE,2026-02-26,68200.0,68200.0,68200.0,68200.0,13371400
VNM,Vinamilk,Consumer,HOSE,2026-03-01,66600.0,66600.0,66600.0,66600.0,12468700
VNM,Vinamilk,Consumer,HOSE,2026-03-02,63400.0,63400.0,63400.0,63400.0,17815700
VNM,Vinamilk,Consumer,HOSE,2026-03-03,64900.0,64900.0,64900.0,64900.0,13382500
VNM,Vinamilk,Consumer,HOSE,2026-03-04,63200.0,63200.0,63200.0,63200.0,8165700
VNM,Vinamilk,Consumer,HOSE,2026-03-05,62400.0,62400.0,62400.0,62400.0,6471800
VNM,Vinamilk,Consumer,HOSE,2026-03-08,58100.0,58100.0,58100.0,58100.0,18046300
VNM,Vinamilk,Consumer,HOSE,2026-03-09,62100.0,62100.0,62100.0,62100.0,10762100
VNM,Vinamilk,Consumer,HOSE,2026-03-10,63000.0,63000.0,63000.0,63000.0,7507500
VNM,Vinamilk,Consumer,HOSE,2026-03-11,61600.0,61600.0,61600.0,61600.0,6298800
VNM,Vinamilk,Consumer,HOSE,2026-03-12,63100.0,63100.0,63100.0,63100.0,5388500
VNM,Vinamilk,Consumer,HOSE,2026-03-15,61800.0,61800.0,61800.0,61800.0,2965000
VNM,Vinamilk,Consumer,HOSE,2026-03-16,61500.0,61500.0,61500.0,61500.0,3816100
VNM,Vinamilk,Consumer,HOSE,2026-03-17,61700.0,61700.0,61700.0,61700.0,2596400
VNM,Vinamilk,Consumer,HOSE,2026-03-18,61000.0,61000.0,61000.0,61000.0,6400100
VNM,Vinamilk,Consumer,HOSE,2026-03-19,60000.0,60000.0,60000.0,60000.0,5734800
VNM,Vinamilk,Consumer,HOSE,2026-03-22,60800.0,60800.0,60800.0,60800.0,5908000
VNM,Vinamilk,Consumer,HOSE,2026-03-23,61200.0,61200.0,61200.0,61200.0,2689900
VNM,Vinamilk,Consumer,HOSE,2026-03-24,62100.0,62100.0,62100.0,62100.0,3445600
VNM,Vinamilk,Consumer,HOSE,2026-03-25,61000.0,61000.0,61000.0,61000.0,2044000
VNM,Vinamilk,Consumer,HOSE,2026-03-26,61500.0,61500.0,61500.0,61500.0,2137400
VNM,Vinamilk,Consumer,HOSE,2026-03-29,60600.0,60600.0,60600.0,60600.0,4075600
VNM,Vinamilk,Consumer,HOSE,2026-03-30,60500.0,60500.0,60500.0,60500.0,5323200
VNM,Vinamilk,Consumer,HOSE,2026-03-31,61300.0,61300.0,61300.0,61300.0,5446200
VNM,Vinamilk,Consumer,HOSE,2026-04-01,60800.0,60800.0,60800.0,60800.0,2855300
VNM,Vinamilk,Consumer,HOSE,2026-04-02,60000.0,60000.0,60000.0,60000.0,3788600
VNM,Vinamilk,Consumer,HOSE,2026-04-05,60900.0,60900.0,60900.0,60900.0,2587400
VNM,Vinamilk,Consumer,HOSE,2026-04-06,61000.0,61000.0,61000.0,61000.0,1825200
VNM,Vinamilk,Consumer,HOSE,2026-04-07,62600.0,62600.0,62600.0,62600.0,5568500
VNM,Vinamilk,Consumer,HOSE,2026-04-08,61800.0,61800.0,61800.0,61800.0,2921000
VNM,Vinamilk,Consumer,HOSE,2026-04-09,62800.0,62800.0,62800.0,62800.0,6158400
VNM,Vinamilk,Consumer,HOSE,2026-04-12,62800.0,62800.0,62800.0,62800.0,3418300
VNM,Vinamilk,Consumer,HOSE,2026-04-13,62000.0,62000.0,62000.0,62000.0,4247700
VNM,Vinamilk,Consumer,HOSE,2026-04-14,61300.0,61300.0,61300.0,61300.0,4403200
VNM,Vinamilk,Consumer,HOSE,2026-04-15,61100.0,61100.0,61100.0,61100.0,2272100
VNM,Vinamilk,Consumer,HOSE,2026-04-16,61300.0,61300.0,61300.0,61300.0,3115500
VNM,Vinamilk,Consumer,HOSE,2026-04-19,61500.0,61500.0,61500.0,61500.0,3251900
VNM,Vinamilk,Consumer,HOSE,2026-04-20,61600.0,61600.0,61600.0,61600.0,5306600
VNM,Vinamilk,Consumer,HOSE,2026-04-21,61800.0,61800.0,61800.0,61800.0,3939900
VNM,Vinamilk,Consumer,HOSE,2026-04-22,62000.0,62000.0,62000.0,62000.0,930300
